settlement,population_2015_01_01
Aba,4426
Abaliget,650
Abasár,2538
Abaújalpár,66
Abaújkér,631
Abaújlak,70
Abaújszolnok,183
Abaújszántó,3062
Abaújvár,250
Abda,3117
Abod,231
Abony,14563
Abádszalók,4279
Acsa,1416
Acsalag,493
Acsád,651
Adony,3679
Adorjánháza,362
Adorjás,180
Adács,2642
Adásztevel,795
Aggtelek,557
Agyagosszergény,936
Ajak,3730
Ajka,28487
Aka,243
Akasztó,3333
Alacska,778
Alap,1907
Alattyán,1989
Albertirsa,12212
Alcsútdoboz,1452
Aldebrő,718
Algyő,5088
Alibánfa,394
Almamellék,381
Almásfüzitő,2047
Almásháza,70
Almáskamarás,886
Almáskeresztúr,81
Alsóberecki,705
Alsóbogát,239
Alsódobsza,287
Alsógagy,87
Alsómocsolád,283
Alsónemesapáti,654
Alsónyék,760
Alsónána,700
Alsónémedi,5205
Alsópetény,550
Alsópáhok,1307
Alsórajk,341
Alsóregmec,178
Alsószenterzsébet,48
Alsószentiván,645
Alsószentmárton,1247
Alsószuha,423
Alsószölnök,368
Alsótelekes,139
Alsótold,229
Alsóvadász,1511
Alsózsolca,5683
Alsóörs,1631
Alsóújlak,594
Ambrózfalva,508
Anarcs,1943
Andocs,1078
Andornaktálya,2604
Andrásfa,236
Annavölgy,927
Apagy,2309
Apaj,1206
Aparhant,1009
Apc,2453
Apostag,2010
Apácatorna,166
Apátfalva,2920
Apátistvánfalva,377
Apátvarasd,129
Aranyosapáti,2047
Aranyosgadány,369
Arka,54
Arló,3798
Arnót,2420
Aszaló,1843
Aszód,6162
Aszófő,389
Atkár,1715
Attala,820
Babarc,708
Babarcszőlős,109
Babosdöbréte,473
Babócsa,1510
Babót,1128
Badacsonytomaj,2150
Badacsonytördemic,878
Bag,3584
Bagamér,2540
Baglad,38
Bagod,1270
Baj,2779
Baja,35718
Bajna,1935
Bajánsenye,487
Bajót,1602
Bak,1578
Bakháza,184
Bakonszeg,1194
Bakonya,322
Bakonybánk,439
Bakonybél,1221
Bakonycsernye,2952
Bakonygyirót,139
Bakonyjákó,630
Bakonykoppány,194
Bakonykúti,131
Bakonynána,1009
Bakonyoszlop,420
Bakonypéterd,284
Bakonypölöske,375
Bakonyszentiván,232
Bakonyszentkirály,839
Bakonyszentlászló,1753
Bakonyszombathely,1453
Bakonyszücs,299
Bakonyság,44
Bakonysárkány,956
Bakonytamási,635
Baks,1977
Baksa,745
Baktakék,724
Baktalórántháza,3987
Baktüttös,352
Bakóca,269
Balajt,487
Balassagyarmat,15570
Balaton,1053
Balatonakali,658
Balatonakarattya,835
Balatonalmádi,8535
Balatonberény,1081
Balatonboglár,5798
Balatoncsicsó,220
Balatonederics,1018
Balatonendréd,1311
Balatonfenyves,1833
Balatonföldvár,2195
Balatonfüred,13224
Balatonfőkajár,1300
Balatonfűzfő,4142
Balatongyörök,1030
Balatonhenye,130
Balatonkenese,2576
Balatonkeresztúr,1504
Balatonlelle,5223
Balatonmagyaród,427
Balatonmáriafürdő,700
Balatonrendes,121
Balatonszabadi,2965
Balatonszemes,1763
Balatonszentgyörgy,1584
Balatonszepezd,368
Balatonszárszó,1947
Balatonszőlős,624
Balatonudvari,301
Balatonvilágos,1153
Balatonújlak,458
Balatonőszöd,502
Balinka,891
Balkány,6392
Ballószög,3459
Balmazújváros,17448
Balogunyom,1106
Balotaszállás,1483
Balsa,838
Balástya,3436
Bana,1629
Barabás,916
Baracs,3362
Baracska,2670
Baranyahídvég,178
Baranyajenő,412
Baranyaszentgyörgy,154
Barbacs,731
Barcs,10858
Barlahida,109
Barnag,128
Basal,167
Baskó,181
Battonya,5960
Batyk,373
Baté,809
Bazsi,398
Becsehely,2069
Becske,530
Becskeháza,27
Becsvölgye,770
Bedegkér,412
Bedő,291
Bejcgyertyános,438
Bekecs,2485
Bekölce,591
Belecska,365
Beled,2640
Beleg,601
Belezna,733
Beloiannisz,1029
Belsősárd,94
Belvárdgyula,403
Benk,418
Bercel,2044
Beregdaróc,950
Beregsurány,814
Berekböszörmény,1923
Berekfürdő,1010
Beremend,2428
Berente,1211
Beret,274
Berettyóújfalu,15008
Berhida,5833
Berkenye,602
Berkesd,863
Berkesz,834
Bernecebaráti,898
Berzence,2574
Berzék,1096
Besence,107
Besenyszög,3276
Besenyőd,722
Besenyőtelek,2588
Besnyő,1691
Beszterec,1043
Bezedek,223
Bezenye,1302
Bezeréd,126
Bezi,517
Biatorbágy,12767
Bicske,11891
Bicsérd,1003
Bihardancsháza,172
Biharkeresztes,4149
Biharnagybajom,2824
Bihartorda,941
Biharugra,945
Bikal,729
Bikács,449
Biri,1407
Birján,501
Bisse,215
Boba,827
Bocfölde,1123
Boconád,1274
Bocska,323
Bocskaikert,3192
Boda,403
Bodajk,4066
Bodmér,232
Bodolyabér,206
Bodonhely,287
Bodony,745
Bodorfa,94
Bodrog,439
Bodroghalom,1358
Bodrogkeresztúr,1109
Bodrogkisfalud,840
Bodrogolaszi,917
Bogdása,256
Bogyiszló,2152
Bogyoszló,619
Bogács,1960
Bogád,999
Bogádmindszent,425
Bojt,551
Bokod,2064
Bokor,125
Boldog,2937
Boldogasszonyfa,379
Boldogkőváralja,1119
Boldogkőújfalu,576
Boldva,2360
Bolhás,431
Bolhó,756
Boncodfölde,341
Bonnya,250
Bonyhád,13471
Bonyhádvarasd,416
Bordány,3281
Borgáta,179
Borjád,379
Borota,1371
Borsfa,694
Borsodbóta,907
Borsodgeszt,259
Borsodivánka,708
Borsodnádasd,3204
Borsodszentgyörgy,1193
Borsodszirák,1145
Borsosberény,935
Borszörcsök,360
Borzavár,704
Bosta,132
Botpalád,738
Botykapeterd,341
Bozsok,341
Bozzai,324
Bucsa,2179
Bucsu,565
Bucsuta,214
Budajenő,1864
Budakalász,10660
Budakeszi,13863
Budapest,1757618
Budapest 1. kerület,24933
Budapest 10. kerület,78703
Budapest 11. kerület,152620
Budapest 12. kerület,58322
Budapest 13. kerület,120199
Budapest 14. kerület,124956
Budapest 15. kerület,80327
Budapest 16. kerület,72904
Budapest 17. kerület,87569
Budapest 18. kerület,101613
Budapest 19. kerület,60904
Budapest 2. kerület,89598
Budapest 20. kerület,65851
Budapest 21. kerület,76824
Budapest 22. kerület,54504
Budapest 23. kerület,22833
Budapest 3. kerület,128535
Budapest 4. kerület,101182
Budapest 5. kerület,26277
Budapest 6. kerület,38757
Budapest 7. kerület,54129
Budapest 8. kerület,76957
Budapest 9. kerület,59121
Budaörs,28045
Bugac,2690
Bugacpusztaháza,255
Bugyi,5127
Buj,2287
Buják,2183
Buzsák,1347
Bábolna,3789
Bábonymegyer,790
Bácsalmás,6586
Bácsbokod,2567
Bácsborsód,1124
Bácsszentgyörgy,155
Bácsszőlős,360
Bágyogszovát,1293
Bálványos,541
Bánd,648
Bánfa,168
Bánhorváti,1373
Bánk,659
Bánokszentgyörgy,627
Bánréve,1331
Bár,522
Bárdudvarnok,1098
Bárna,1024
Bársonyos,751
Báránd,2631
Báta,1683
Bátaapáti,423
Bátaszék,6217
Bátmonostor,1503
Bátonyterenye,12443
Bátor,343
Bátorliget,669
Bátya,2016
Bázakerettye,809
Béb,229
Békás,204
Békés,19433
Békéscsaba,60334
Békésszentandrás,3608
Békéssámson,2381
Bélapátfalva,3041
Bélavár,342
Bélmegyer,968
Bénye,1220
Bér,323
Bérbaltavár,531
Bócsa,1823
Bódvalenke,211
Bódvarákó,80
Bódvaszilas,1080
Bókaháza,263
Bóly,3887
Bózsva,171
Böde,294
Bödeháza,38
Bögöt,384
Bögöte,280
Böhönye,2261
Bököny,3118
Bölcske,2754
Börcs,1283
Börzönce,53
Búcsúszentlászló,795
Bük,3544
Bükkaranyos,1478
Bükkmogyorósd,128
Bükkszenterzsébet,1067
Bükkszentkereszt,1206
Bükkszentmárton,295
Bükkszék,692
Bükkzsérc,957
Bükkábrány,1697
Bükkösd,1098
Bürüs,71
Büssü,405
Büttös,157
Bő,728
Bőcs,2710
Bőny,2151
Bőszénfa,522
Bősárkány,2046
Cakóháza,55
Cece,2589
Cegléd,35885
Ceglédbercel,4265
Celldömölk,10927
Cered,1105
Chernelházadamonya,192
Cibakháza,4117
Cigánd,3044
Cikó,870
Cirák,582
Csabacsűd,1764
Csabaszabadi,281
Csabdi,1183
Csabrendek,3048
Csaholc,559
Csajág,829
Csanytelek,2628
Csanádalberti,423
Csanádapáca,2527
Csanádpalota,2827
Csapi,159
Csapod,588
Csarnóta,163
Csaroda,578
Csataszög,294
Csatka,220
Csatár,558
Csebény,98
Csegöld,671
Csehbánya,288
Csehi,238
Csehimindszent,360
Csempeszkopács,283
Csemő,4171
Csengele,2006
Csenger,4870
Csengersima,775
Csengerújfalu,807
Csengőd,2010
Csenyéte,442
Csepreg,3241
Cserdi,391
Cserháthaláp,339
Cserhátsurány,858
Cserhátszentiván,118
Cserkeszőlő,2218
Cserkút,586
Csernely,754
Cserszegtomaj,2929
Csertalakos,17
Csertő,363
Cserénfa,221
Cserépfalu,1017
Cserépváralja,382
Csesznek,547
Csesztreg,849
Csesztve,328
Csetény,1877
Csibrák,296
Csikvánd,462
Csikéria,846
Csikóstőttős,828
Csincse,543
Csipkerek,326
Csitár,415
Csobaj,694
Csobád,667
Csobánka,3189
Csokonyavisonta,1561
Csokvaomány,895
Csolnok,3111
Csoma,424
Csombárd,265
Csomád,1592
Csongrád,16564
Csonkahegyhát,322
Csonkamindszent,157
Csopak,1759
Csorna,10400
Csorvás,4871
Csurgó,5053
Csurgónagymarton,154
Csáfordjánosfa,199
Csákberény,1165
Csákvár,5225
Csákány,229
Csákánydoroszló,1757
Csánig,340
Csány,2118
Csányoszró,656
Csárdaszállás,372
Császló,362
Császár,1878
Császártöltés,2283
Csátalja,1437
Csávoly,1832
Csécse,909
Csém,388
Csénye,712
Csép,353
Csépa,1642
Csér,27
Csévharaszt,1869
Csókakő,1356
Csólyospálos,1613
Csór,1785
Csót,987
Csöde,82
Csögle,587
Csökmő,1912
Csököly,1068
Csömend,307
Csömödér,633
Csömör,9253
Csönge,374
Csörnyeföld,393
Csörög,1925
Csörötnek,899
Csősz,1008
Csővár,620
Cák,259
Cégénydányád,641
Cún,230
Dabas,16623
Dabronc,400
Dabrony,350
Dad,977
Dalmand,1240
Damak,246
Daraboshegy,91
Darnó,172
Darnózseli,1524
Daruszentmiklós,1274
Darvas,550
Darány,915
Debercsény,72
Debrecen,203506
Debréte,22
Decs,3802
Dejtár,1377
Demecser,4205
Demjén,602
Dencsháza,564
Derecske,8734
Derekegyház,1584
Deszk,3461
Detek,258
Detk,1165
Devecser,4330
Dinnyeberki,87
Diósberény,335
Diósd,9628
Diósjenő,2768
Dióskál,470
Diósviszló,680
Doba,448
Doboz,4084
Dobri,136
Dobronhegy,146
Domaháza,828
Domaszék,4919
Dombegyház,2039
Dombiratos,577
Dombrád,4015
Dombóvár,18688
Domony,2159
Domoszló,1955
Dormánd,1028
Dorog,11883
Dorogháza,1053
Dozmat,231
Drágszél,314
Drávacsehi,181
Drávacsepely,197
Drávafok,510
Drávagárdony,156
Drávaiványi,215
Drávakeresztúr,117
Drávapalkonya,267
Drávapiski,79
Drávaszabolcs,687
Drávaszerdahely,189
Drávasztára,391
Drávatamási,410
Drégelypalánk,1496
Dubicsány,233
Dudar,1649
Duka,210
Dunaalmás,1547
Dunabogdány,3052
Dunaegyháza,1389
Dunafalva,905
Dunaföldvár,8593
Dunaharaszti,20767
Dunakeszi,41846
Dunakiliti,1867
Dunapataj,3087
Dunaremete,247
Dunaszeg,2000
Dunaszekcső,1911
Dunaszentbenedek,808
Dunaszentgyörgy,2562
Dunaszentmiklós,446
Dunaszentpál,736
Dunasziget,1603
Dunatetétlen,528
Dunavarsány,7517
Dunavecse,3856
Dunaújváros,46052
Dusnok,2823
Dág,946
Dáka,639
Dámóc,371
Dánszentmiklós,2943
Dány,4451
Dávod,1965
Dédestapolcsány,1526
Dég,2184
Délegyháza,3734
Dénesfa,362
Dévaványa,7772
Dóc,707
Döbröce,66
Döbrököz,1946
Döbrönte,237
Döbörhegy,111
Döge,2288
Dömsöd,5676
Dömös,1116
Dör,675
Dörgicse,258
Döröske,80
Dötk,36
Dövény,301
Dúzs,252
Ebergőc,163
Ebes,4388
Ecseg,1174
Ecsegfalva,1255
Ecseny,219
Ecser,3621
Ecséd,3094
Edde,197
Edelény,9739
Edve,116
Eger,54609
Egeralja,227
Egeraracsa,307
Egerbakta,1420
Egerbocs,562
Egercsehi,1320
Egerfarmos,680
Egerlövő,512
Egerszalók,1981
Egerszólát,1000
Egervár,1012
Egervölgy,329
Egerág,968
Egyed,504
Egyek,5071
Egyházasdengeleg,464
Egyházasfalu,887
Egyházasgerge,730
Egyházasharaszti,282
Egyházashetye,328
Egyházashollós,556
Egyházaskesző,517
Egyházaskozár,769
Egyházasrádóc,1291
Elek,4787
Ellend,185
Előszállás,2276
Emőd,4785
Encs,6402
Encsencs,1958
Endrefalva,1212
Endrőc,362
Enese,1734
Enying,6777
Eperjes,548
Eperjeske,1260
Eplény,491
Epöl,632
Ercsi,8050
Erdőbénye,1081
Erdőhorváti,618
Erdőkertes,7543
Erdőkövesd,656
Erdőkürt,477
Erdősmecske,362
Erdősmárok,86
Erdőtarcsa,508
Erdőtelek,3212
Erk,935
Erzsébet,264
Eszteregnye,669
Esztergom,28102
Esztergályhorváti,429
Esztár,1335
Ete,613
Etes,1374
Etyek,4112
Fadd,4083
Fajsz,1687
Fancsal,300
Farkasgyepű,355
Farkaslyuk,1940
Farmos,3427
Farád,1895
Fazekasboda,200
Fedémes,317
Fegyvernek,6447
Fehérgyarmat,8089
Fehértó,481
Fehérvárcsurgó,1900
Feked,203
Feketeerdő,558
Felcsút,1812
Feldebrő,974
Felgyő,1193
Felpéc,852
Felsőberecki,259
Felsőcsatár,509
Felsődobsza,937
Felsőegerszeg,128
Felsőgagy,216
Felsőjánosfa,175
Felsőkelecsény,362
Felsőlajos,864
Felsőmarác,227
Felsőmocsolád,391
Felsőnyárád,940
Felsőnyék,978
Felsőnána,588
Felsőpakony,3359
Felsőpetény,567
Felsőpáhok,647
Felsőrajk,739
Felsőregmec,319
Felsőszenterzsébet,16
Felsőszentiván,1815
Felsőszentmárton,914
Felsőszölnök,584
Felsőtelekes,711
Felsőtold,125
Felsőtárkány,3506
Felsővadász,520
Felsőzsolca,6521
Felsőörs,1631
Fenyőfő,109
Ferencszállás,605
Fertőboz,310
Fertőd,3360
Fertőendréd,638
Fertőhomok,696
Fertőrákos,2260
Fertőszentmiklós,3854
Fertőszéplak,1312
Fiad,127
Filkeháza,99
Fityeház,640
Foktő,1590
Folyás,297
Fony,320
Fonyód,4757
Fonó,256
Forráskút,2265
Forró,2489
Fulókércs,374
Furta,1170
Fábiánháza,1747
Fábiánsebestyén,1970
Fácánkert,612
Fáj,426
Fényeslitke,2407
Fót,19121
Földes,3980
Földeák,2993
Füle,839
Fülesd,449
Fülpösdaróc,320
Fülöp,1748
Fülöpháza,841
Fülöpjakab,1132
Fülöpszállás,2159
Fürged,706
Füzesabony,7637
Füzesgyarmat,5774
Füzér,415
Füzérkajata,120
Füzérkomlós,300
Füzérradvány,284
Főnyed,79
Fűzvölgy,122
Gacsály,918
Gadna,277
Gadács,85
Gadány,311
Gagyapáti,10
Gagybátor,193
Gagyvendégi,215
Galambok,1263
Galgaguta,608
Galgagyörk,1031
Galgahévíz,2456
Galgamácsa,1729
Galvács,96
Gamás,748
Ganna,235
Gara,2323
Garabonc,694
Garadna,385
Garbolc,143
Garáb,48
Garé,288
Gasztony,422
Gecse,384
Gelej,580
Gellénháza,1558
Gelse,1098
Gelsesziget,250
Gelénes,574
Gemzse,930
Gencsapáti,2711
Gerde,521
Gerendás,1289
Geresdlak,765
Gerjen,1200
Gersekarát,639
Gerényes,256
Geszt,821
Gesztely,2790
Geszteréd,1718
Gibárt,318
Gic,353
Gige,367
Gilvánfa,403
Girincs,886
Golop,544
Gomba,2921
Gombosszeg,37
Gordisa,274
Gosztola,61
Grábóc,177
Gulács,899
Gutorfölde,985
Gyalóka,68
Gyanógeregye,146
Gyarmat,1290
Gyenesdiás,3650
Gyepükaján,313
Gyermely,1464
Gyomaendrőd,13295
Gyugy,292
Gyula,30658
Gyulaháza,1938
Gyulaj,1019
Gyulakeszi,695
Gyál,22920
Gyékényes,1003
Gyód,640
Gyóró,383
Gyömrő,16937
Gyömöre,1206
Gyöngyfa,134
Gyöngyös,30190
Gyöngyösfalu,1134
Gyöngyöshalász,2503
Gyöngyösmellék,296
Gyöngyösoroszi,1545
Gyöngyöspata,2476
Gyöngyössolymos,2833
Gyöngyöstarján,2372
Gyönk,2048
Györe,638
Györgytarló,540
Györköny,951
Gyúró,1244
Gyügye,253
Gyüre,1244
Győr,129372
Győrasszonyfa,509
Győrladamér,1664
Győrszemere,3279
Győrság,1465
Győrsövényház,772
Győrtelek,1599
Győrvár,585
Győrzámoly,2676
Győröcske,135
Győrújbarát,6401
Győrújfalu,1758
Gyűrűs,98
Gáborján,863
Gáborjánháza,69
Gádoros,3481
Gálosfa,218
Gánt,862
Gárdony,10206
Gátér,919
Gávavencsellő,3481
Géberjén,488
Géderlak,997
Gégény,1935
Gérce,1124
Gétye,112
Gógánfa,815
Gór,295
Göd,18194
Gödre,859
Gödöllő,32720
Gölle,915
Gömörszőlős,89
Gönc,2051
Göncruszka,643
Gönyű,3049
Görbeháza,2366
Görcsöny,1539
Görcsönydoboka,370
Görgeteg,1093
Gősfa,307
Hagyárosbörönd,301
Hahót,1019
Hajdúbagos,1989
Hajdúböszörmény,31224
Hajdúdorog,8677
Hajdúhadház,12724
Hajdúnánás,17172
Hajdúszoboszló,23882
Hajdúszovát,3045
Hajdúsámson,12961
Hajmás,220
Hajmáskér,2854
Hajós,3053
Halastó,80
Halimba,1117
Halmaj,1799
Halmajugra,1287
Halogy,255
Halászi,3118
Halásztelek,9506
Hangony,1602
Hangács,581
Hantos,977
Harasztifalu,157
Harc,879
Harka,2003
Harkakötöny,843
Harkány,4219
Harsány,2016
Harta,3328
Hatvan,20366
Hedrehely,389
Hegyesd,146
Hegyeshalom,3387
Hegyfalu,794
Hegyháthodász,166
Hegyhátmaróc,134
Hegyhátszentjakab,265
Hegyhátszentmárton,57
Hegyhátszentpéter,113
Hegyhátsál,154
Hegykő,1588
Hegymagas,282
Hegymeg,114
Hegyszentmárton,421
Hejce,232
Hejőbába,1899
Hejőkeresztúr,1025
Hejőkürt,283
Hejőpapi,1152
Hejőszalonta,830
Helesfa,483
Helvécia,4522
Hencida,1191
Hencse,337
Herceghalom,2333
Hercegkút,655
Hercegszántó,2056
Herencsény,586
Herend,3384
Heresznye,245
Hermánszeg,246
Hernyék,90
Hernád,3981
Hernádbűd,133
Hernádcéce,212
Hernádkak,1664
Hernádkércs,302
Hernádnémeti,3421
Hernádpetri,232
Hernádszentandrás,425
Hernádszurdok,159
Hernádvécse,1089
Heréd,1877
Hetefejércse,295
Hetes,1182
Hetvehely,500
Hetyefő,70
Heves,10695
Hevesaranyos,600
Hevesvezekény,632
Hidas,2046
Hidasnémeti,1165
Hidegkút,410
Hidegség,384
Hidvégardó,544
Himesháza,1036
Himod,612
Hirics,237
Hobol,992
Hodász,3380
Hollád,222
Hollóháza,820
Hollókő,329
Homokbödöge,703
Homokkomárom,161
Homokmégy,1330
Homokszentgyörgy,1108
Homorúd,599
Homrogd,891
Hont,468
Horpács,166
Hort,3634
Hortobágy,1470
Horváthertelend,67
Horvátlövő,190
Horvátzsidány,808
Hosszúhetény,3359
Hosszúpereszteg,627
Hosszúpályi,5662
Hosszúvíz,48
Hosszúvölgy,158
Hosztót,56
Hottó,316
Hugyag,840
Hunya,649
Hunyadfalva,173
Husztót,57
Hács,386
Háromfa,767
Háromhuta,109
Hárskút,660
Hásságy,265
Hédervár,1237
Héhalom,987
Héreg,995
Hét,476
Hévíz,4634
Hévízgyörk,2994
Hódmezővásárhely,44795
Hövej,288
Hőgyész,2858
Ibafa,233
Iborfia,11
Ibrány,6751
Igal,1305
Igar,932
Igrici,1221
Iharos,444
Iharosberény,1274
Ikervár,1780
Iklad,2004
Iklanberény,39
Iklódbördőce,276
Ikrény,1826
Iliny,166
Ilk,1230
Illocska,247
Imola,87
Imrehegy,719
Inke,1164
Ináncs,1212
Inárcs,4397
Ipacsfa,198
Ipolydamásd,359
Ipolyszög,625
Ipolytarnóc,455
Ipolytölgyes,427
Ipolyvece,757
Iregszemcse,2656
Irota,80
Isaszeg,11250
Ispánk,100
Istenmezeje,1600
Istvándi,607
Iszkaszentgyörgy,1940
Iszkáz,348
Isztimér,976
Ivád,365
Iván,1263
Ivánbattyán,123
Ivánc,684
Iváncsa,2758
Ivándárda,223
Izmény,475
Izsák,5622
Izsófalva,1746
Jakabszállás,2590
Jenő,1293
Jobaháza,559
Jobbágyi,2087
Juta,1146
Jágónak,259
Ják,2598
Jákfa,510
Jákfalva,544
Jákó,625
Jánd,778
Jánkmajtis,1736
Jánoshalma,8675
Jánoshida,2394
Jánosháza,2489
Jánossomorja,6052
Járdánháza,1852
Jármi,1301
Jásd,721
Jászalsószentgyörgy,3367
Jászapáti,8585
Jászberény,26372
Jászboldogháza,1675
Jászdózsa,2149
Jászfelsőszentgyörgy,1903
Jászfényszaru,5567
Jászivány,372
Jászjákóhalma,2950
Jászkarajenő,2707
Jászkisér,5448
Jászladány,5551
Jászszentandrás,2440
Jászszentlászló,2469
Jásztelek,1641
Jászágó,723
Jászárokszállás,7810
Jéke,766
Jósvafő,229
Kaba,5878
Kacorlak,212
Kacsóta,273
Kadarkút,2435
Kajdacs,1249
Kajárpéc,1274
Kajászó,1035
Kakasd,1656
Kakucs,2936
Kalaznó,138
Kallósd,91
Kalocsa,16136
Kamond,430
Kamut,1003
Kapolcs,374
Kapoly,667
Kaposfő,1637
Kaposgyarmat,89
Kaposhomok,481
Kaposkeresztúr,339
Kaposmérő,2433
Kapospula,864
Kaposszekcső,1512
Kaposszerdahely,953
Kaposvár,63742
Kaposújlak,737
Kapuvár,10393
Karakó,183
Karakószörcsök,273
Karancsalja,1527
Karancsberény,850
Karancskeszi,1877
Karancslapujtő,2599
Karancsság,1274
Karcag,20163
Karcsa,1820
Kardos,632
Kardoskút,913
Karmacs,788
Karos,487
Kartal,5616
Karácsond,2911
Karád,1561
Kaskantyú,1002
Kastélyosdombó,268
Kaszaper,1933
Kaszó,95
Katafa,352
Katymár,1843
Katádfa,147
Kazincbarcika,27487
Kazsok,320
Kazár,1839
Kecel,8540
Kecskemét,111836
Kecskéd,1990
Kehidakustány,1187
Kelebia,2490
Kelemér,507
Kelevíz,311
Keléd,77
Kemecse,4815
Kemence,972
Kemendollár,510
Kemeneshőgyész,447
Kemeneskápolna,88
Kemenesmagasi,804
Kemenesmihályfa,497
Kemenespálfa,373
Kemenesszentmárton,196
Kemenesszentpéter,621
Kemenessömjén,600
Kemestaródfa,205
Kemse,58
Keménfa,86
Kenderes,4508
Kengyel,3552
Kenyeri,867
Kenéz,269
Kenézlő,1169
Kercaszomor,198
Kercseliget,371
Kerecsend,2307
Kerecseny,233
Kerekegyháza,6437
Kerekharaszt,958
Kereki,535
Kerepes,9873
Keresztéte,36
Kerkabarabás,261
Kerkafalva,94
Kerkakutas,112
Kerkaszentkirály,215
Kerkateskánd,162
Kerkáskápolna,78
Kerta,624
Kertészsziget,374
Kerékteleki,689
Keszeg,641
Kesznyéten,1800
Keszthely,20116
Kesztölc,2526
Keszü,1248
Keszőhidegkút,194
Kevermes,2049
Kilimán,237
Kimle,2285
Kincsesbánya,1451
Királd,785
Királyegyháza,909
Királyhegyes,626
Királyszentistván,468
Kisapostag,1374
Kisapáti,327
Kisar,1145
Kisasszond,162
Kisasszonyfa,213
Kisbabot,221
Kisbajcs,886
Kisbajom,402
Kisberzseny,82
Kisberény,206
Kisbeszterce,83
Kisbodak,359
Kisbucsa,455
Kisbudmér,106
Kisbágyon,423
Kisbárapáti,375
Kisbárkány,143
Kisbér,5348
Kiscsehi,165
Kiscsécs,201
Kiscsősz,111
Kisdobsza,241
Kisdombegyház,467
Kisdorog,738
Kisdér,121
Kisecset,150
Kisfalud,749
Kisfüzes,130
Kisgyalán,194
Kisgyőr,1680
Kisgörbő,158
Kishajmás,187
Kisharsány,481
Kishartyán,527
Kisherend,194
Kishuta,295
Kishódos,68
Kisigmánd,450
Kisjakabfalva,117
Kiskassa,252
Kiskinizs,323
Kiskorpád,893
Kiskunfélegyháza,29153
Kiskunhalas,27714
Kiskunlacháza,8821
Kiskunmajsa,11381
Kiskutas,161
Kisköre,2911
Kiskőrös,14164
Kislippó,274
Kisláng,2442
Kisléta,1899
Kislőd,1202
Kismarja,1254
Kismaros,2183
Kismányok,325
Kisnamény,311
Kisnyárád,167
Kisnána,1014
Kisnémedi,616
Kisoroszi,951
Kispalád,963
Kispirit,59
Kispáli,286
Kisrozvágy,169
Kisrákos,186
Kisrécse,193
Kissikátor,295
Kissomlyó,220
Kisszekeres,555
Kisszentmárton,246
Kissziget,170
Kisszállás,2382
Kisszékely,296
Kisszőlős,138
Kistamási,111
Kistapolca,180
Kistarcsa,12212
Kistelek,7033
Kistokaj,2084
Kistolmács,174
Kistormás,339
Kistótfalu,312
Kisunyom,423
Kisvarsány,1030
Kisvaszar,317
Kisvejke,412
Kisvárda,16628
Kisvásárhely,37
Kiszombor,3795
Kiszsidány,93
Kisújszállás,11249
Klárafalva,462
Kocs,2519
Kocsola,1287
Kocsord,2878
Kocsér,1841
Kokad,661
Kolontár,679
Komjáti,213
Komló,23604
Komlódtótfalu,121
Komlósd,159
Komlóska,233
Komoró,1253
Kompolt,1981
Komádi,5421
Komárom,18957
Kondorfa,498
Kondoros,4997
Kondó,593
Konyár,2183
Koppányszántó,314
Korlát,312
Koroncó,2074
Kosd,2425
Kovácshida,272
Kovácsszénája,55
Kovácsvágás,667
Kozmadombja,36
Kozárd,153
Kozármisleny,6017
Krasznokvajda,459
Kulcs,2735
Kunadacs,1537
Kunbaja,1544
Kunbaracs,618
Kuncsorba,621
Kunfehértó,2052
Kunhegyes,7636
Kunmadaras,5452
Kunpeszér,681
Kunszentmiklós,8334
Kunszentmárton,8484
Kunsziget,1233
Kunszállás,1691
Kunágota,2650
Kup,460
Kupa,155
Kurd,1139
Kurityán,1576
Kustánszeg,456
Kutas,1458
Kutasó,79
Kács,432
Kákics,210
Kál,3519
Káld,1065
Kálló,1455
Kállósemjén,3537
Kálmáncsa,631
Kálmánháza,1840
Káloz,2370
Kálócfa,158
Kám,395
Kántorjánosi,2173
Kány,47
Kánya,422
Kányavár,118
Kánó,162
Kápolna,1465
Kápolnásnyék,3590
Káptalanfa,790
Káptalantóti,472
Kára,45
Károlyháza,519
Kárász,319
Kásád,285
Kátoly,284
Káva,661
Kávás,256
Kázsmárk,984
Kék,1935
Kékcse,1524
Kéked,178
Kékesd,159
Kékkút,72
Kéleshalom,434
Kémes,468
Kérsemjén,290
Kétbodony,433
Kétegyháza,3578
Kéthely,2282
Kétpó,690
Kétsoprony,1330
Kétvölgy,97
Kéty,698
Kétújfalu,703
Kóka,4265
Kóny,2640
Kópháza,2081
Kórós,224
Kóspallag,755
Kótaj,4436
Köblény,201
Köcsk,230
Kökény,619
Kölcse,1411
Kölesd,1482
Kölked,1031
Kömlő,1881
Kömlőd,1090
Kömpöc,674
Kömörő,571
Körmend,11472
Környe,4379
Köröm,1374
Körösladány,4557
Körösnagyharsány,541
Körösszakál,833
Körösszegapáti,1012
Köröstarcsa,2557
Körösújfalu,448
Kötcse,477
Kötegyán,1463
Kövegy,362
Köveskál,338
Kübekháza,1446
Külsősárd,73
Külsővat,810
Küngös,471
Kőkút,594
Kőröshegy,1330
Kőröstetétlen,875
Kőszeg,11702
Kőszegdoroszló,246
Kőszegpaty,204
Kőszegszerdahely,466
Kőszárhegy,1475
Kőtelek,1609
Kővágószőlős,1232
Kővágótöttös,316
Kővágóörs,783
Lad,572
Ladánybene,1564
Lajoskomárom,2226
Lajosmizse,11292
Lak,686
Lakhegy,457
Lakitelek,4411
Lakócsa,554
Lapáncsa,192
Laskod,962
Lasztonya,76
Legyesbénye,1504
Legénd,453
Lendvadedes,29
Lendvajakabfa,16
Lengyel,545
Lengyeltóti,3003
Lenti,7828
Lepsény,2975
Lesencefalu,302
Lesenceistvánd,947
Lesencetomaj,1119
Letenye,4157
Letkés,1127
Levelek,2950
Levél,1811
Leányfalu,3544
Leányvár,1714
Libickozma,28
Lickóvadamos,187
Liget,366
Ligetfalva,51
Lippó,479
Liptód,203
Lipót,716
Lispeszentadorján,283
Liszó,397
Litka,34
Litke,876
Litér,2168
Lothárd,221
Lovas,442
Lovasberény,2583
Lovászhetény,304
Lovászi,1194
Lovászpatona,1133
Lucfalva,614
Ludas,736
Ludányhalászi,1463
Lukácsháza,1086
Lulla,176
Lábatlan,4839
Lábod,1935
Lácacséke,311
Ládbesenyő,285
Lánycsók,2422
Lápafő,162
Látrány,1342
Lázi,558
Lébény,3232
Léh,401
Lénárddaróc,261
Létavértes,7061
Lócs,122
Lókút,398
Lónya,912
Lórév,290
Lövő,1403
Lövőpetri,477
Lúzsok,257
Lőkösháza,1804
Lőrinci,5557
Madaras,2862
Madocsa,1891
Maglóca,93
Maglód,11896
Magosliget,315
Magy,889
Magyaralmás,1546
Magyaratád,786
Magyarbánhegyes,2294
Magyarbóly,936
Magyarcsanád,1424
Magyardombegyház,237
Magyaregregy,726
Magyaregres,600
Magyarföld,37
Magyargencs,496
Magyargéc,895
Magyarhertelend,623
Magyarhomorog,922
Magyarkeresztúr,431
Magyarkeszi,1236
Magyarlak,776
Magyarlukafa,93
Magyarmecske,336
Magyarnádalja,199
Magyarnándor,1058
Magyarpolány,1175
Magyarsarlós,267
Magyarszecsőd,445
Magyarszentmiklós,248
Magyarszerdahely,509
Magyarszombatfa,249
Magyarszék,1020
Magyartelek,210
Majosháza,1538
Majs,952
Makkoshotyka,861
Maklár,2361
Makád,1150
Makó,22926
Malomsok,513
Marcalgergelyi,368
Marcali,11541
Marcaltő,727
Markaz,1789
Markotabödöge,474
Markóc,63
Maroslele,2025
Martfű,6305
Martonfa,202
Martonvásár,5540
Martonyi,412
Maráza,172
Maróc,69
Marócsa,90
Matty,319
Mecseknádasd,1497
Mecsekpölöske,376
Mecsér,586
Medgyesbodzás,1060
Medgyesegyháza,3558
Medina,806
Meggyeskovácsi,685
Megyaszó,2711
Megyehíd,320
Megyer,23
Mekényes,292
Mencshely,223
Mende,4109
Merenye,249
Mernye,1348
Mersevát,576
Mesterháza,149
Mesteri,270
Mesterszállás,702
Meszes,191
Meszlen,211
Mesztegnyő,1391
Mezőberény,10345
Mezőcsokonya,1183
Mezőcsát,5882
Meződ,129
Mezőfalva,4677
Mezőgyán,1058
Mezőhegyes,5339
Mezőhék,355
Mezőkeresztes,3818
Mezőkomárom,955
Mezőkovácsháza,6141
Mezőkövesd,16394
Mezőladány,1138
Mezőlak,983
Mezőnagymihály,1040
Mezőnyárád,1603
Mezőpeterd,599
Mezősas,665
Mezőszemere,1180
Mezőszentgyörgy,1305
Mezőszilas,2101
Mezőtárkány,1612
Mezőtúr,16675
Mezőzombor,2447
Mezőörs,943
Miháld,770
Mihályfa,352
Mihálygerge,568
Mihályháza,763
Mihályi,1020
Mike,614
Mikebuda,667
Mikekarácsonyfa,262
Mikepércs,4480
Miklósi,207
Mikosszéplak,305
Mikófalva,698
Mikóháza,512
Milejszeg,309
Milota,909
Mindszent,6777
Mindszentgodisa,856
Mindszentkálla,241
Misefa,270
Miske,1632
Miskolc,159554
Miszla,270
Mocsa,2126
Mogyoród,6438
Mogyorósbánya,832
Mogyoróska,83
Moha,586
Mohora,960
Mohács,17433
Molnaszecsőd,418
Molnári,713
Molvány,191
Monaj,243
Monok,1631
Monor,17853
Monorierdő,4081
Monostorapáti,1129
Monostorpályi,2136
Monoszló,107
Monyoród,158
Mosdós,931
Mosonmagyaróvár,32752
Mosonszentmiklós,2341
Mosonszolnok,1715
Mosonudvar,421
Mozsgó,1005
Mucsfa,363
Mucsi,436
Muhi,468
Murakeresztúr,1635
Murarátka,223
Muraszemenye,597
Murga,67
Murony,1200
Mád,2217
Mágocs,2348
Mályi,4016
Mályinka,447
Mánd,276
Mándok,4143
Mánfa,768
Mány,2440
Márfa,193
Máriahalom,601
Máriakálnok,1791
Máriakéménd,497
Márianosztra,843
Máriapócs,2153
Márkháza,255
Márkó,1214
Márok,415
Márokföld,47
Márokpapi,523
Mártély,1301
Mátraballa,754
Mátraderecske,1926
Mátramindszent,815
Mátranovák,1673
Mátraszele,920
Mátraszentimre,431
Mátraszőlős,1555
Mátraterenye,1873
Mátraverebély,1934
Mátyus,266
Mátyásdomb,771
Mátészalka,16902
Mátételke,475
Máza,1195
Méhkerék,2085
Méhtelek,759
Mélykút,4907
Méra,1727
Mérges,85
Mérk,2153
Mónosbél,358
Mór,14123
Mórahalom,5938
Móricgát,445
Mórichida,814
Mórágy,736
Múcsony,3081
Mőcsény,381
Nadap,541
Nagyacsád,600
Nagyalásony,456
Nagyar,677
Nagyatád,10623
Nagybajcs,977
Nagybajom,3288
Nagybakónak,392
Nagybaracska,2289
Nagybarca,939
Nagyberki,1457
Nagyberény,1305
Nagybudmér,174
Nagybánhegyes,1224
Nagybárkány,689
Nagybörzsöny,703
Nagycenk,2003
Nagycsepely,404
Nagycserkesz,1778
Nagycsány,151
Nagycsécs,799
Nagydobos,2222
Nagydobsza,621
Nagydorog,2576
Nagydém,355
Nagyecsed,6327
Nagyesztergár,1156
Nagyfüged,1615
Nagygeresd,284
Nagygyimót,552
Nagygörbő,159
Nagyhajmás,314
Nagyhalász,5676
Nagyharsány,1472
Nagyhegyes,2714
Nagyhuta,67
Nagyhódos,117
Nagyigmánd,2938
Nagyiván,1175
Nagykamarás,1383
Nagykanizsa,48241
Nagykapornak,921
Nagykarácsony,1300
Nagykereki,1375
Nagykeresztúr,249
Nagykinizs,331
Nagykorpád,576
Nagykovácsi,7255
Nagykozár,1961
Nagykutas,424
Nagykálló,9329
Nagykáta,12432
Nagykónyi,1099
Nagykökényes,589
Nagykölked,142
Nagykörű,1589
Nagykőrös,23694
Nagylak,476
Nagylengyel,482
Nagylóc,1532
Nagylók,1040
Nagylózs,1027
Nagymaros,4721
Nagymizdó,110
Nagymágocs,2985
Nagymányok,2275
Nagynyárád,724
Nagyoroszi,2118
Nagypall,363
Nagypeterd,630
Nagypirit,250
Nagypáli,496
Nagyrada,472
Nagyrozvágy,634
Nagyrábé,2136
Nagyrákos,267
Nagyrécse,1077
Nagyréde,3154
Nagyrév,655
Nagysimonyi,970
Nagyszakácsi,425
Nagyszekeres,550
Nagyszentjános,1791
Nagyszokoly,905
Nagyszékely,417
Nagyszénás,4979
Nagysáp,1444
Nagytarcsa,4090
Nagytevel,518
Nagytilaj,116
Nagytálya,851
Nagytótfalu,364
Nagytőke,410
Nagyvarsány,1454
Nagyvejke,161
Nagyveleg,656
Nagyvenyim,4024
Nagyvisnyó,913
Nagyváty,358
Nagyvázsony,1751
Nagyér,512
Nagyút,668
Nak,594
Napkor,3664
Narda,468
Naszály,2297
Nekézseny,752
Nemesapáti,523
Nemesbikk,954
Nemesborzova,106
Nemesbük,696
Nemesbőd,623
Nemescsó,279
Nemesdéd,741
Nemesgulács,899
Nemesgörzsöny,701
Nemeshany,395
Nemeshetés,259
Nemeske,224
Nemeskeresztúr,274
Nemeskisfalud,179
Nemeskocs,295
Nemeskolta,346
Nemeskér,215
Nemesládony,143
Nemesmedves,34
Nemesnádudvar,1828
Nemesnép,121
Nemespátró,274
Nemesrempehollós,295
Nemesrádó,283
Nemesszalók,888
Nemesszentandrás,263
Nemessándorháza,299
Nemesvid,732
Nemesvita,317
Nemesvámos,2693
Nemti,734
Neszmély,1269
Nick,481
Nikla,696
Noszlop,939
Noszvaj,1891
Nova,800
Novaj,1332
Novajidrány,1419
Nyalka,442
Nyergesújfalu,7402
Nyim,289
Nyirád,1895
Nyomár,308
Nyugotszenterzsébet,261
Nyáregyháza,3660
Nyárlőrinc,2336
Nyársapát,1928
Nyárád,926
Nyékládháza,4876
Nyésta,40
Nyíracsád,3800
Nyíradony,7768
Nyírbogdány,2840
Nyírbogát,3105
Nyírbátor,12259
Nyírbéltek,2949
Nyírcsaholy,2198
Nyírcsászári,1185
Nyírderzs,655
Nyíregyháza,118125
Nyírgelse,1112
Nyírgyulaj,2047
Nyíri,362
Nyíribrony,1104
Nyírjákó,873
Nyírkarász,2373
Nyírkáta,2009
Nyírkércs,804
Nyírlugos,2699
Nyírlövő,674
Nyírmada,4890
Nyírmeggyes,2610
Nyírmihálydi,2255
Nyírmártonfalva,2034
Nyírparasznya,986
Nyírpazony,3338
Nyírpilis,880
Nyírtass,2021
Nyírtelek,6555
Nyírtura,1759
Nyírtét,1044
Nyírvasvári,1964
Nyírábrány,3777
Nyúl,4307
Nyőgér,325
Nábrád,926
Nádasd,1308
Nádasdladány,1728
Nádudvar,8636
Nágocs,687
Nárai,1245
Négyes,235
Németbánya,94
Németfalu,181
Németkér,1719
Nézsa,1073
Nógrád,1395
Nógrádkövesd,687
Nógrádmarcal,498
Nógrádmegyer,1676
Nógrádsipek,700
Nógrádszakál,636
Nógrádsáp,811
Nóráp,207
Nőtincs,1038
Okorvölgy,72
Okorág,162
Okány,2563
Olasz,593
Olaszfa,370
Olaszfalu,1033
Olaszliszka,1684
Olcsva,695
Olcsvaapáti,306
Old,345
Oltárc,274
Onga,4746
Orbányosfa,122
Orci,559
Ordacsehi,766
Ordas,423
Orfalu,71
Orfű,1037
Orgovány,3368
Ormosbánya,1630
Ormándlak,111
Orosháza,28356
Oroszi,134
Oroszlány,18068
Oroszló,269
Orosztony,411
Ortaháza,110
Osli,875
Ostffyasszonyfa,776
Ostoros,2577
Oszkó,637
Oszlár,357
Osztopán,864
Ozmánbük,198
Ozora,1605
Pacsa,1630
Padár,120
Pakod,869
Paks,19305
Palkonya,282
Palotabozsok,870
Palotás,1588
Paloznak,428
Palé,91
Pamlény,41
Pamuk,257
Pankasz,445
Pannonhalma,3960
Panyola,606
Pap,1805
Papkeszi,1503
Papos,829
Parasznya,1128
Parád,2046
Parádsasvár,371
Paszab,1232
Pat,182
Patak,898
Patalom,327
Patapoklosi,359
Patca,60
Patosfa,231
Patvarc,680
Pecöl,804
Pellérd,2272
Penc,1524
Penyige,712
Penészlek,1037
Perbál,2030
Pere,340
Perecse,27
Pereked,148
Perenye,643
Peresznye,826
Pereszteg,1449
Perkupa,812
Perkáta,3876
Perőcsény,291
Peterd,196
Pethőhenye,424
Petneháza,1732
Petrikeresztúr,365
Petrivente,338
Pettend,153
Petőfibánya,2584
Petőfiszállás,1453
Petőháza,1036
Petőmihályfa,209
Piliny,602
Pilis,11489
Pilisborosjenő,3571
Piliscsaba,8053
Piliscsév,2338
Pilisjászfalu,1563
Pilismarót,1975
Pilisszentiván,4174
Pilisszentkereszt,2127
Pilisszentlászló,1156
Pilisszántó,2881
Pilisvörösvár,13895
Pincehely,2211
Pinkamindszent,156
Pinnye,321
Piricse,1834
Pirtó,926
Piskó,243
Pitvaros,1392
Pocsaj,2642
Pogány,1168
Pogányszentpéter,477
Polgár,7889
Polgárdi,6829
Polány,239
Pomáz,16624
Porcsalma,2743
Pornóapáti,416
Poroszló,2920
Porpác,132
Porrog,205
Porrogszentkirály,282
Porrogszentpál,75
Porva,422
Potony,195
Potyond,96
Prügy,2492
Pula,194
Pusztaapáti,20
Pusztaberki,124
Pusztacsalád,263
Pusztacsó,149
Pusztadobos,1535
Pusztaederics,180
Pusztafalu,179
Pusztaföldvár,1662
Pusztahencse,945
Pusztakovácsi,835
Pusztamagyaród,549
Pusztamiske,409
Pusztamonostor,1543
Pusztamérges,1124
Pusztaottlaka,474
Pusztaradvány,256
Pusztaszabolcs,5904
Pusztaszemes,336
Pusztaszentlászló,575
Pusztaszer,1407
Pusztavacs,1330
Pusztavám,2421
Pusztazámor,1153
Putnok,6718
Pácin,1395
Pácsony,293
Páhi,1227
Páka,1140
Pákozd,3057
Pálfa,1561
Pálfiszeg,165
Pálháza,1060
Páli,418
Pálmajor,349
Pálmonostora,1801
Pálosvörösmart,642
Pánd,1961
Pányok,59
Pápa,31190
Pápadereske,272
Pápakovácsi,582
Pápasalamon,357
Pápateszér,1168
Pápoc,272
Páprád,147
Pári,622
Pásztori,378
Pásztó,9312
Pátka,1662
Pátroha,2927
Páty,7075
Pátyod,663
Pázmánd,2157
Pázmándfalu,1010
Pécel,15358
Pécs,145985
Pécsbagota,99
Pécsdevecser,112
Pécsely,538
Pécsudvard,759
Pécsvárad,4026
Pély,1359
Pénzesgyőr,337
Pér,2373
Péterhida,147
Péteri,2183
Pétervására,2172
Pétfürdő,4745
Pócsa,171
Pócsmegyer,2021
Pócspetri,1674
Pókaszepetk,909
Pórszombat,287
Pósfa,268
Pölöske,831
Pölöskefő,358
Pörböly,539
Pördefölde,59
Pötréte,233
Püski,653
Püspökhatvan,1445
Püspökladány,14605
Püspökmolnári,848
Püspökszilágy,726
Radostyán,601
Ragály,643
Rajka,2607
Rakaca,819
Rakacaszend,356
Rakamaz,4374
Ramocsa,43
Ramocsaháza,1517
Raposka,224
Ravazd,1200
Recsk,2673
Regenye,168
Regéc,76
Regöly,1156
Remeteszőlős,806
Resznek,287
Rezi,1168
Ricse,1769
Rigyác,385
Rigács,183
Rimóc,1844
Rinyabesenyő,217
Rinyakovácsi,175
Rinyaszentkirály,389
Rinyaújlak,261
Rinyaújnép,55
Rohod,1235
Romhány,2040
Romonya,496
Románd,313
Rozsály,809
Rudabánya,2502
Rudolftelep,711
Rum,1206
Ruzsa,2439
Rábacsanak,485
Rábacsécsény,576
Rábagyarmat,793
Rábahídvég,1022
Rábakecöl,649
Rábapatona,2500
Rábapaty,1617
Rábapordány,1023
Rábasebes,54
Rábaszentandrás,479
Rábaszentmihály,485
Rábaszentmiklós,140
Rábatamási,934
Rábatöttös,219
Rábcakapi,160
Rácalmás,4572
Ráckeresztúr,3251
Ráckeve,9960
Rád,1940
Rádfalva,190
Rádóckölked,292
Ráksi,419
Rákóczibánya,668
Rákóczifalva,5307
Rákócziújfalu,1971
Rápolt,136
Rásonysápberencs,569
Rátka,957
Rátót,291
Réde,1356
Rédics,881
Rém,1275
Répcelak,2625
Répceszemere,286
Répceszentgyörgy,103
Répcevis,328
Répáshuta,424
Rétalap,554
Rétközberencs,1057
Rétság,2713
Révfülöp,1174
Révleányvár,435
Rózsafa,333
Rózsaszentmárton,1883
Röjtökmuzsaj,437
Rönök,409
Röszke,3169
Sajtoskál,360
Sajóbábony,2786
Sajóecseg,1040
Sajógalgóc,334
Sajóhídvég,1109
Sajóivánka,603
Sajókaza,3116
Sajókeresztúr,1483
Sajókápolna,408
Sajólád,2811
Sajólászlófalva,425
Sajómercse,209
Sajónémeti,517
Sajópetri,1387
Sajópálfala,728
Sajópüspöki,471
Sajósenye,429
Sajószentpéter,11679
Sajószöged,2182
Sajóvelezd,791
Sajóvámos,2122
Sajóörös,1293
Salföld,80
Salgótarján,35811
Salköveskút,464
Salomvár,615
Sand,386
Sarkad,9911
Sarkadkeresztúr,1509
Sarród,1032
Sarud,1184
Segesd,2502
Sellye,2614
Selyeb,461
Semjén,493
Semjénháza,606
Seregélyes,4342
Serényfalva,983
Siklós,9248
Siklósbodony,140
Siklósnagyfalu,442
Sikátor,307
Sima,31
Simaság,537
Simonfa,345
Simontornya,4051
Sirok,1814
Sitke,675
Sióagárd,1239
Siófok,25386
Siójut,628
Sobor,250
Sokorópátka,1102
Solt,6361
Soltszentimre,1215
Soltvadkert,7484
Solymár,10065
Som,691
Somberek,1358
Somlójenő,291
Somlószőlős,671
Somlóvecse,66
Somlóvásárhely,1108
Somodor,383
Somogyacsa,174
Somogyapáti,483
Somogyaracs,191
Somogyaszaló,733
Somogybabod,457
Somogybükkösd,74
Somogycsicsó,156
Somogydöröcske,129
Somogyegres,186
Somogyfajsz,555
Somogygeszti,467
Somogyhatvan,343
Somogyhárságy,404
Somogyjád,1588
Somogymeggyes,491
Somogysimonyi,88
Somogyszentpál,802
Somogyszil,766
Somogyszob,1563
Somogysámson,731
Somogysárd,1197
Somogytúr,454
Somogyudvarhely,1005
Somogyviszló,234
Somogyvámos,769
Somogyvár,1756
Somogyzsitfa,584
Somoskőújfalu,2227
Sonkád,808
Soponya,1824
Sopron,61780
Sopronhorpács,848
Sopronkövesd,1249
Sopronnémeti,297
Sorkifalud,655
Sorkikápolna,233
Sormás,847
Sorokpolány,839
Sukoró,1402
Sumony,427
Surd,600
Szabadbattyán,4518
Szabadegyháza,2085
Szabadhídvég,852
Szabadi,267
Szabadkígyós,2434
Szabadszentkirály,755
Szabadszállás,6148
Szabolcs,413
Szabolcsbáka,1162
Szabolcsveresmart,1690
Szabás,622
Szada,4918
Szajk,808
Szajla,548
Szajol,3722
Szakadát,205
Szakcs,853
Szakmár,1194
Szaknyér,49
Szakoly,2743
Szakony,408
Szakonyfalu,351
Szakácsi,182
Szakáld,459
Szakály,1352
Szalafő,184
Szalapa,197
Szalaszend,1064
Szalatnak,288
Szalkszentmárton,2787
Szalmatercs,403
Szalonna,1163
Szalánta,1125
Szamosangyalos,460
Szamosbecs,378
Szamoskér,400
Szamosszeg,1946
Szamossályi,747
Szamostatárfalva,309
Szamosújlak,361
Szanda,634
Szank,2395
Szany,2024
Szaporca,231
Szarvas,16275
Szarvasgede,378
Szarvaskend,199
Szarvaskő,325
Szatmárcseke,1553
Szatta,76
Szatymaz,4675
Szava,327
Szebény,314
Szederkény,1775
Szedres,2220
Szeged,162593
Szegerdő,219
Szeghalom,9078
Szegi,265
Szegilong,210
Szegvár,4385
Szekszárd,33032
Szeleste,654
Szelevény,1086
Szellő,137
Szemely,411
Szemenye,320
Szemere,384
Szendehely,1535
Szendrő,4260
Szendrőlád,2059
Szenna,772
Szenta,380
Szentantalfa,432
Szentbalázs,315
Szentborbás,103
Szentbékkálla,174
Szentdomonkos,406
Szentdénes,280
Szente,322
Szentegát,371
Szentendre,25542
Szentes,27898
Szentgotthárd,8867
Szentgyörgyvár,305
Szentgyörgyvölgy,401
Szentgál,2713
Szentgáloskér,520
Szentimrefalva,195
Szentistván,2429
Szentistvánbaksa,263
Szentjakabfa,111
Szentkatalin,88
Szentkirály,1884
Szentkirályszabadja,1845
Szentkozmadombja,71
Szentliszló,266
Szentlászló,775
Szentlőrinc,6465
Szentlőrinckáta,1903
Szentmargitfalva,73
Szentmártonkáta,4830
Szentpéterfa,994
Szentpéterfölde,119
Szentpéterszeg,1111
Szentpéterúr,994
Szenyér,315
Szepetnek,1562
Szerecseny,784
Szeremle,1414
Szerencs,9013
Szerep,1596
Szergény,331
Szigetbecse,1260
Szigetcsép,2313
Szigethalom,16964
Szigetmonostor,2292
Szigetszentmiklós,35656
Szigetszentmárton,2109
Szigetvár,10656
Szigetújfalu,1935
Szigliget,810
Szihalom,1899
Szijártóháza,28
Szikszó,5410
Szil,1319
Szilaspogony,298
Szilsárkány,652
Szilvágy,187
Szilvás,156
Szilvásszentmárton,212
Szilvásvárad,1621
Szilágy,246
Szin,823
Szinpetri,236
Szirmabesenyő,4181
Szirák,1226
Szob,2730
Szokolya,1793
Szolnok,72786
Szombathely,77866
Szomolya,1628
Szomor,1051
Szomód,2004
Szorgalmatos,1091
Szorosad,102
Szuha,561
Szuhafő,158
Szuhakálló,935
Szuhogy,1151
Szulimán,223
Szulok,690
Szurdokpüspöki,1906
Szágy,142
Szákszend,1447
Szálka,576
Szántód,561
Szápár,481
Szár,1635
Szárazd,223
Szárföld,878
Szárliget,2350
Szárász,34
Szászberek,1017
Szászfa,106
Szászvár,2328
Szátok,595
Százhalombatta,18617
Szécsisziget,202
Szécsénke,195
Szécsény,5937
Szécsényfelfalu,390
Székely,1044
Székelyszabar,556
Székesfehérvár,98673
Székkutas,2071
Szólád,485
Szögliget,591
Szörény,74
Szúcs,424
Szügy,1349
Szőc,433
Szőce,314
Sződ,3553
Sződliget,4436
Szőke,128
Szőkedencs,253
Szőkéd,341
Szőlősardó,108
Szőlősgyörök,1241
Szűcsi,1569
Szűr,253
Ságvár,1807
Ságújfalu,1023
Sály,1752
Sámod,173
Sámsonháza,265
Sándorfalva,7756
Sántos,536
Sáp,972
Sárazsadány,240
Sárbogárd,12138
Sáregres,735
Sárfimizdó,78
Sárhida,778
Sárisáp,2674
Sárkeresztes,1525
Sárkeresztúr,2555
Sárkeszi,589
Sármellék,1828
Sárok,122
Sárosd,3199
Sárospatak,12256
Sárpilis,677
Sárrétudvari,2963
Sárszentlőrinc,1060
Sárszentmihály,2973
Sárszentágota,1358
Sárvár,14716
Sáránd,2225
Sásd,3094
Sáska,280
Sáta,1133
Sátoraljaújhely,14956
Sátorhely,607
Sávoly,521
Sé,1341
Sénye,31
Sényő,1381
Sérsekszőlős,145
Sóly,460
Sóshartyán,975
Sóskút,3138
Sóstófalva,234
Sósvertike,154
Sótony,629
Söjtör,1450
Söpte,740
Söréd,499
Súr,1182
Sükösd,3627
Sülysáp,8212
Sümeg,6189
Sümegcsehi,621
Sümegprága,589
Süttő,2023
Tab,4364
Tabajd,924
Tabdi,1043
Tagyon,88
Tahitótfalu,5486
Taksony,6141
Taktabáj,615
Taktaharkány,3594
Taktakenéz,1271
Taktaszada,1939
Takácsi,863
Taliándörögd,769
Tamási,8179
Tanakajd,720
Tapolca,15582
Tapsony,736
Tar,1839
Tarany,1180
Tarcal,2866
Tard,1206
Tardona,1043
Tardos,1617
Tarhos,773
Tarján,2565
Tarjánpuszta,398
Tarnabod,629
Tarnalelesz,1785
Tarnaméra,1659
Tarnaszentmiklós,876
Tarnaszentmária,219
Tarnazsadány,1209
Tarnaörs,1822
Tarpa,2322
Tarrós,126
Tass,2749
Taszár,1915
Tata,23613
Tatabánya,66791
Tataháza,1210
Tatárszentgyörgy,1834
Tekenye,402
Teklafalu,274
Telekes,516
Telekgerendás,1418
Teleki,209
Telki,3861
Telkibánya,549
Tengelic,2207
Tengeri,52
Tengőd,428
Tenk,1194
Terem,647
Tereske,665
Teresztenye,39
Terpes,212
Terény,367
Teskánd,1135
Tetétlen,1416
Tevel,1351
Tibolddaróc,1362
Tiborszállás,1023
Tihany,1369
Tikos,126
Tilaj,179
Timár,1293
Tinnye,1653
Tiszaadony,655
Tiszaalpár,4897
Tiszabecs,1292
Tiszabercel,1819
Tiszabezdéd,1889
Tiszabura,2972
Tiszabábolna,343
Tiszabő,2094
Tiszacsege,4713
Tiszacsermely,548
Tiszacsécse,245
Tiszadada,2247
Tiszaderzs,1051
Tiszadob,2881
Tiszadorogma,354
Tiszaeszlár,2575
Tiszaföldvár,10878
Tiszafüred,11260
Tiszagyenda,969
Tiszagyulaháza,724
Tiszaigar,826
Tiszainoka,398
Tiszajenő,1576
Tiszakanyár,1576
Tiszakarád,2432
Tiszakerecseny,990
Tiszakeszi,2609
Tiszakécske,11553
Tiszakóród,771
Tiszakürt,1416
Tiszaladány,643
Tiszalök,5395
Tiszalúc,5064
Tiszamogyorós,715
Tiszanagyfalu,1804
Tiszanána,2474
Tiszapalkonya,1437
Tiszapüspöki,2075
Tiszaroff,1531
Tiszarád,558
Tiszasas,1023
Tiszaszalka,870
Tiszaszentimre,2095
Tiszaszentmárton,1130
Tiszasziget,1714
Tiszaszőlős,1616
Tiszasüly,1493
Tiszatardos,224
Tiszatarján,1437
Tiszatelek,1400
Tiszatenyő,1649
Tiszaug,889
Tiszavalk,304
Tiszavasvári,12840
Tiszavid,550
Tiszavárkony,1518
Tiszaörs,1379
Tiszaújváros,16168
Tisztaberek,683
Tivadar,174
Tokaj,4419
Tokod,4036
Tokodaltáró,2883
Tokorcs,351
Tolcsva,1818
Told,306
Tolmács,744
Tolna,11147
Tolnanémedi,1040
Tomajmonostora,729
Tomor,234
Tompa,4426
Tompaládony,296
Tordas,2083
Tormafölde,337
Tormás,285
Tormásliget,302
Tornabarakony,22
Tornakápolna,12
Tornanádaska,758
Tornaszentandrás,175
Tornaszentjakab,213
Tornyiszentmiklós,569
Tornyosnémeti,393
Tornyospálca,2770
Torony,1920
Torvaj,235
Trizs,218
Tunyogmatolcs,2430
Tura,7694
Tuzsér,3444
Tyukod,2025
Táborfalva,3249
Tác,1676
Tákos,354
Tállya,1892
Táp,722
Tápióbicske,3353
Tápiógyörgye,3384
Tápiószecső,6087
Tápiószele,5911
Tápiószentmárton,5194
Tápiószőlős,2854
Tápióság,2542
Táplánszentkereszt,2539
Tápszentmiklós,961
Tárkány,1444
Tárnok,8999
Tárnokréti,175
Táska,391
Tát,5280
Tázlár,1773
Téglás,6406
Tékes,240
Tényő,1578
Tépe,1104
Tés,766
Tésa,82
Tésenfa,185
Téseny,305
Tét,4020
Tóalmás,3212
Tófalu,576
Tófej,704
Tófű,116
Tószeg,4320
Tótkomlós,5995
Tótszentgyörgy,144
Tótszentmárton,834
Tótszerdahely,1081
Tótvázsony,1329
Tótújfalu,196
Tök,1289
Tököl,10050
Töltéstava,2286
Tömörd,287
Tömörkény,1712
Törtel,4342
Törökbálint,13207
Törökkoppány,432
Törökszentmiklós,20626
Töttös,570
Túristvándi,788
Túrkeve,8678
Túrony,268
Túrricse,695
Türje,1546
Tüskevár,574
Udvar,113
Udvari,328
Ugod,1389
Ukk,325
Und,335
Uppony,263
Ura,610
Uraiújfalu,849
Uszka,454
Uszód,1001
Uzsa,303
Vadna,623
Vadosfa,76
Vaja,3515
Vajdácska,1316
Vajszló,1774
Vajta,966
Valkonya,58
Valkó,2390
Vanyarc,1212
Vanyola,522
Varbó,1069
Varbóc,55
Varga,87
Varsád,359
Varsány,1603
Varászló,155
Vasad,1887
Vasalja,317
Vasasszonyfa,386
Vasboldogasszony,605
Vasegerszeg,392
Vashosszúfalu,343
Vaskeresztes,373
Vaskút,3327
Vasmegyer,1690
Vaspör,342
Vassurány,807
Vasszentmihály,342
Vasszilvágy,362
Vasszécseny,1348
Vasvár,4266
Vaszar,1475
Vatta,921
Vecsés,20463
Vejti,174
Vekerd,135
Velem,337
Velemér,79
Velence,5552
Velény,128
Vereb,762
Veresegyház,17025
Verpelét,3780
Verseg,1344
Versend,910
Verőce,3676
Veszkény,931
Veszprém,60761
Veszprémfajsz,258
Veszprémgalsa,275
Veszprémvarsány,1057
Vezseny,647
Vid,129
Vigántpetend,180
Villány,2539
Villánykövesd,268
Vilmány,1460
Vilonya,615
Vilyvitány,236
Vindornyafok,123
Vindornyalak,77
Vindornyaszőlős,321
Vinár,233
Visegrád,1832
Visnye,242
Visonta,1118
Viss,678
Visz,202
Viszló,73
Visznek,1113
Viszák,240
Vitnyéd,1300
Vizslás,1316
Vizsoly,830
Vokány,854
Vonyarcvashegy,2172
Vác,33169
Vácduka,1427
Vácegres,870
Váchartyán,1734
Váckisújfalu,432
Vácrátót,1871
Vácszentlászló,2035
Vág,440
Vágáshuta,78
Vál,2385
Vállaj,1120
Vállus,127
Vámosatya,556
Vámoscsalád,281
Vámosgyörk,1909
Vámosmikola,1650
Vámosoroszi,517
Vámospércs,5362
Vámosszabadi,1659
Vámosújfalu,743
Váncsod,1223
Várad,114
Váralja,862
Váraszó,469
Várbalog,362
Várda,466
Várdomb,1100
Várfölde,175
Várgesztes,538
Várkesző,149
Várong,156
Városföld,2127
Városlőd,1300
Várpalota,19918
Várvölgy,1043
Vászoly,235
Vásárosbéc,181
Vásárosdombó,1123
Vásárosfalu,146
Vásárosmiske,355
Vásárosnamény,8693
Vát,659
Vázsnok,141
Vécs,625
Végegyháza,1390
Vékény,139
Véménd,1338
Vének,166
Vép,3322
Vértesacsa,1773
Vértesboglár,865
Vérteskethely,551
Vértessomló,1303
Vértesszőlős,2986
Vértestolna,474
Vése,740
Vésztő,6855
Vízvár,541
Vöckönd,99
Völcsej,371
Vönöck,728
Vörs,479
Vöröstó,81
Zabar,428
Zagyvarékas,3384
Zagyvaszántó,1985
Zajk,230
Zajta,427
Zala,245
Zalaapáti,1671
Zalabaksa,694
Zalaboldogfa,324
Zalabér,704
Zalacsány,926
Zalacséb,486
Zalaegerszeg,58959
Zalaerdőd,232
Zalagyömörő,450
Zalahaláp,1204
Zalaháshágy,365
Zalaigrice,111
Zalaistvánd,340
Zalakaros,1936
Zalakomár,2960
Zalaköveskút,24
Zalalövő,3027
Zalameggyes,43
Zalamerenye,188
Zalaszabar,518
Zalaszegvár,135
Zalaszentbalázs,796
Zalaszentgrót,6552
Zalaszentgyörgy,399
Zalaszentiván,1005
Zalaszentjakab,292
Zalaszentlászló,848
Zalaszentlőrinc,274
Zalaszentmihály,938
Zalaszentmárton,56
Zalaszombatfa,47
Zalaszántó,949
Zalasárszeg,117
Zalatárnok,650
Zalavár,853
Zalavég,355
Zalaújlak,109
Zalkod,195
Zaláta,215
Zamárdi,2424
Zaránk,410
Zebecke,72
Zebegény,1197
Zemplénagárd,782
Zengővárkony,393
Zichyújfalu,921
Zics,330
Ziliz,351
Zimány,560
Zirc,6960
Zomba,2042
Zsadány,1726
Zsana,751
Zsarolyán,364
Zsebeháza,134
Zselickisfalud,241
Zselickislak,308
Zselicszentpál,407
Zsennye,90
Zsira,831
Zsombó,3353
Zsujta,152
Zsurk,743
Zsáka,1554
Zsámbok,2297
Zsámbék,5276
Zsédeny,190
Zubogy,550
Zádor,317
Zádorfalva,459
Záhony,4156
Zákány,1068
Zákányfalu,529
Zákányszék,2699
Zámoly,2145
Zánka,794
Závod,276
Zók,313
nan,9855571
Ábrahámhegy,423
Ács,6771
Ácsteszér,696
Ádánd,2125
Ág,189
Ágasegyháza,1894
Ágfalva,2147
Álmosd,1653
Áporka,1067
Ároktő,1116
Árpádhalom,514
Árpás,273
Ártánd,514
Ásotthalom,3849
Ásványráró,1914
Ászár,1714
Áta,165
Átány,1490
Écs,1903
Égerszög,59
Érd,63993
Érpatak,1673
Érsekcsanád,2804
Érsekhalma,583
Érsekvadkert,3461
Értény,778
Óbarok,754
Óbudavár,54
Óbánya,120
Ócsa,9256
Ócsárd,386
Ófalu,316
Ófehértó,2551
Óföldeák,461
Óhíd,595
Ólmod,107
Ónod,2340
Ópusztaszer,2208
Ópályi,3004
Ózd,33493
Ózdfalu,160
Öcs,187
Öcsöd,3290
Ököritófülpös,1821
Ölbő,737
Ömböly,452
Öregcsertő,760
Öreglak,1537
Örkény,4810
Örményes,1007
Örménykút,362
Örvényes,136
Öskü,2211
Öttevény,3022
Öttömös,714
Ötvöskónyi,904
Újbarok,395
Újcsanálos,861
Újdombrád,748
Újfehértó,12736
Újhartyán,2753
Újireg,280
Újiráz,527
Újkenéz,989
Újkér,977
Újkígyós,5072
Újlengyel,1661
Újléta,1159
Újlőrincfalva,191
Újpetre,956
Újrónafő,836
Újsolt,201
Újszalonta,106
Újszentiván,1899
Újszentmargita,1473
Újszilvás,2562
Újszász,6153
Újtelek,350
Újtikos,870
Újudvar,966
Újvárfalva,301
Úny,685
Úrhida,2431
Úri,2513
Úrkút,2017
Üllés,2977
Üllő,11701
Üröm,7210
Őcsény,2359
Őr,1422
Őrbottyán,7073
Őrhalom,967
Őrimagyarósd,220
Őriszentpéter,1160
Őrtilos,460
Ősagárd,296
Ősi,1992
